06/04/2017,Almendras,,,,,,,,$3.090,,$22.071 x Kilo,www.jumbo.cl,WEB
06/04/2017,Almendras,,,,,,,,$5.590,,$18.633 x Kilo,www.jumbo.cl,WEB
06/04/2017,Almendras,,,,,,,,$1.999,,$19.990 x Kilo,www.jumbo.cl,WEB
06/04/2017,Almendras,,,,,,,,$1.790,,$22.375 x Kilo,www.jumbo.cl,WEB
06/04/2017,Avellana sin Sal,,,,,,,,$2.499,,$20.825 x Kilo,www.jumbo.cl,WEB
06/04/2017,Avellanas Chilenas ,,,,,,,,$2.299,,$28.738 x Kilo,www.jumbo.cl,WEB
06/04/2017,Cranberry,,,,,,,,$3.190,,$21.267 x Kilo,www.jumbo.cl,WEB
06/04/2017,Higos Secos,,,,,,,,$2.590,,$8.633 x Kilo,www.jumbo.cl,WEB
06/04/2017,Mix Natural,,,,,,,,$2.499,,$8.330 x Kilo,www.jumbo.cl,WEB
06/04/2017,Mix Frutos Secos,,,,,,,,$3.190,,$21.267 x Kilo,www.jumbo.cl,WEB
06/04/2017,Mix Frutos Secos,,,,,,,,$3.190,,$21.267 x Kilo,www.jumbo.cl,WEB
06/04/2017,Mix Frutos Secos,,,,,,,,$6.990,,$19.971 x Kilo,www.jumbo.cl,WEB
06/04/2017,Frutos Secos,,,,,,,,$3.240,,$10.800 x Kilo,www.jumbo.cl,WEB
06/04/2017,Mix Frutos Secos,,,,,,,,$3.190,,$21.267 x Kilo,www.jumbo.cl,WEB
06/04/2017,Mix Frutos Secos,,,,,,,,$3.190,,$21.267 x Kilo,www.jumbo.cl,WEB
06/04/2017,Mix Frutos Secos,,,,,,,,$5.490,,$15.686 x Kilo,www.jumbo.cl,WEB
06/04/2017,Frutos Secos,,,,,,,,$2.890,,$28.900 x Kilo,www.jumbo.cl,WEB
06/04/2017,Mix Frutos Secos,,,,,,,,$3.190,,$21.267 x Kilo,www.jumbo.cl,WEB
06/04/2017,Mix Frutos Secos,,,,,,,,$3.190,,$21.267 x Kilo,www.jumbo.cl,WEB
06/04/2017,Mix Frutos Secos,,,,,,,,$5.790,,$16.543 x Kilo,www.jumbo.cl,WEB
06/04/2017,Mix de Frutos Secos ,,,,,,,,$2.190,,$21.900 x Kilo,www.jumbo.cl,WEB
06/04/2017,Mix de Frutos Secos ,,,,,,,,$1.499,,$14.990 x Kilo,www.jumbo.cl,WEB
06/04/2017,Mix de Frutos Secos ,,,,,,,,$1.899,,$18.990 x Kilo,www.jumbo.cl,WEB
06/04/2017,Mix Frutos Secos,,,,,,,,$1.799,,$7.196 x Kilo,www.jumbo.cl,WEB
06/04/2017,Nueces Mariposa,,,,,,,,$7.990,,$19.975 x Kilo,www.jumbo.cl,WEB
06/04/2017,Nuez Partida,,,,,,,,$3.390,,$16.950 x Kilo,www.jumbo.cl,WEB
06/04/2017,Nuez Mariposa,,,,,,,,$3.899,,$19.495 x Kilo,www.jumbo.cl,WEB
06/04/2017,Nuez Mariposa,,,,,,,,$1.990,,$19.900 x Kilo,www.jumbo.cl,WEB
06/04/2017,Nueces ,,,,,,,,$3.990,,$19.950 x Kilo,www.jumbo.cl,WEB
06/04/2017,Nuez Mariposa,,,,,,,,$2.590,,$32.375 x Kilo,www.jumbo.cl,WEB
06/04/2017,Pasas Rubia,,,,,,,,$2.499,,$8.330 x Kilo,www.jumbo.cl,WEB
06/04/2017,Pasas Morenas,,,,,,,,$1.499,,$4.997 x Kilo,www.jumbo.cl,WEB
06/04/2017,Pasas,,,,,,,,$2.390,,$9.560 x Kilo,www.jumbo.cl,WEB
06/04/2017,Pasa Rubia,,,,,,,,$799,,$7.990 x Kilo,www.jumbo.cl,WEB
06/04/2017,Pasas Rubias,,,,,,,,$1.990,,$6.633 x Kilo,www.jumbo.cl,WEB
06/04/2017,Pasas Sultanina Rubia,,,,,,,,$990,,$9.900 x Kilo,www.jumbo.cl,WEB
06/04/2017,Acelga,,,,,,,,$799,,$999 x Kilo,www.jumbo.cl,WEB
06/04/2017,Ajo,,,,,,,,$1.149,,$383 x Unidad,www.jumbo.cl,WEB
06/04/2017,Apio Mata,,,,,,,,$980,,$980 x Unidad,www.jumbo.cl,WEB
06/04/2017,Berenjenas,,,,,,,,$699,,$699 x Unidad,www.jumbo.cl,WEB
06/04/2017,Betarraga,,,,,,,,$1.129,,$226 x Unidad,www.jumbo.cl,WEB
06/04/2017,Brocoli,,,,,,,,$899,,$899 x Unidad,www.jumbo.cl,WEB
06/04/2017,Brotes de Alfalfa,,,,,,,,$729,,$4.860 x Kilo,www.jumbo.cl,WEB
06/04/2017,Cebolla,,,,,,,,$1.019,,$340 x Unidad,www.jumbo.cl,WEB
06/04/2017,Chalotas,,,,,,,,$1.099,,$4.396 x Kilo,www.jumbo.cl,WEB
06/04/2017,Ciboullette,,,,,,,,$539,,$26.950 x Kilo,www.jumbo.cl,WEB
06/04/2017,Cilantro,,,,,,,,$539,,$4.492 x Kilo,www.jumbo.cl,WEB
06/04/2017,Cochayuyo,,,,,,,,$2.389,,$29.863 x Kilo,www.jumbo.cl,WEB
06/04/2017,Cochayuyo,,,,,,,,$2.969,,$14.845 x Kilo,www.jumbo.cl,WEB
06/04/2017,Coliflor,,,,,,,,$899,,$899 x Unidad,www.jumbo.cl,WEB
06/04/2017,Endivia,,,,,,,,$990,,$3.960 x Kilo,www.jumbo.cl,WEB
06/04/2017,Espinaca,,,,,,,,$859,,$1.718 x Kilo,www.jumbo.cl,WEB
06/04/2017,Hoja Aloe Vera,,,,,,,,$2.589,,$2.589 x Unidad,www.jumbo.cl,WEB
06/04/2017,Jengibre,,,,,,,,$1.089,,$10.890 x Kilo,www.jumbo.cl,WEB
06/04/2017,Kale,,,,,,,,$2.790,,$5.580 x Kilo,www.jumbo.cl,WEB
06/04/2017,Lechuga Costina,,,,,,,,$749,,$749 x Unidad,www.jumbo.cl,WEB
06/04/2017,Lechuga Escarola,,,,,,,,$1.349,,$675 x Unidad,www.jumbo.cl,WEB
06/04/2017,Lechuga Escarola,,,,,,,,$749,,$749 x Unidad,www.jumbo.cl,WEB
06/04/2017,Palta Hass,,,,,,,,$2.990 Kg,,$2.990 x Kilo,www.jumbo.cl,WEB
06/04/2017,Palta Hass,,,,,,,,$2.890,,$2.890 x Kilo,www.jumbo.cl,WEB
06/04/2017,Papa,,,,,,,,$2.139,,$1.070 x Kilo,www.jumbo.cl,WEB
06/04/2017,Papa,,,,,,,,$5.449,,$1.090 x Kilo,www.jumbo.cl,WEB
06/04/2017,Papa Baby,,,,,,,,$1.690,,$1.690 x Kilo,www.jumbo.cl,WEB
06/04/2017,Papas,,,,,,,,$1.139 Kg,,$1.139 x Kilo,www.jumbo.cl,WEB
06/04/2017,Pepino Alaska,,,,,,,,$990,,$990 x Unidad,www.jumbo.cl,WEB
06/04/2017,Pepino Ensalada,,,,,,,,$569,,$569 x Unidad,www.jumbo.cl,WEB
06/04/2017,Perejil,,,,,,,,$499,,$499 x Unidad,www.jumbo.cl,WEB
06/04/2017,Pimiento Amarillo,,,,,,,,$890,,$890 x Unidad,www.jumbo.cl,WEB
06/04/2017,Pimiento Rojo,,,,,,,,$890,,$890 x Unidad,www.jumbo.cl,WEB
06/04/2017,Pimiento Verde,,,,,,,,$499,,$499 x Unidad,www.jumbo.cl,WEB
06/04/2017,Porotos Granados,,,,,,,,$2.990 Kg,,$2.990 x Kilo,www.jumbo.cl,WEB
06/04/2017,Porotos Verdes,,,,,,,,$1.459,,$2.918 x Kilo,www.jumbo.cl,WEB
06/04/2017,Repollo Crespo,,,,,,,,$1.099,,$1.099 x Unidad,www.jumbo.cl,WEB
06/04/2017,Repollo Morado,,,,,,,,$1.199,,$1.199 x Unidad,www.jumbo.cl,WEB
06/04/2017,Tomate,,,,,,,,$1.190,,$1.190 x Kilo,www.jumbo.cl,WEB
06/04/2017,Tomate Larga Vida,,,,,,,,$1.290 Kg,,$1.290 x Kilo,www.jumbo.cl,WEB
06/04/2017,Tomate Racimo,,,,,,,,$1.390 Kg,,$1.390 x Kilo,www.jumbo.cl,WEB
06/04/2017,Tomate Romanita,,,,,,,,$2.199,,$6.468 x Kilo,www.jumbo.cl,WEB
06/04/2017,Zanahoria,,,,,,,,$750,,$750 x Kilo,www.jumbo.cl,WEB
06/04/2017,Zapallo Camote,,,,,,,,$1.599,,$1.599 x Unidad,www.jumbo.cl,WEB
06/04/2017,Zapallo Italiano,,,,,,,,$450,,$450 x Unidad,www.jumbo.cl,WEB
06/04/2017,Ciruela,,,,,,,,$1.790 Kg,,$1.790 x Kilo,www.jumbo.cl,WEB
06/04/2017,Frambuesa,,,,,,,,$2.190,,$17.520 x Kilo,www.jumbo.cl,WEB
06/04/2017,Frutilla,,,,,,,,$1.990,,$3.980 x Kilo,www.jumbo.cl,WEB
06/04/2017,Frutillas,,,,,,,,$4.490,,$4.490 x Unidad,www.jumbo.cl,WEB
06/04/2017,Kiwi,,,,,,,,$1.790 Kg,,$1.790 x Kilo,www.jumbo.cl,WEB
06/04/2017,Mango,,,,,,,,$1.990 Kg,,$1.990 x Kilo,www.jumbo.cl,WEB
06/04/2017,Manzana Jazz,,,,,,,,$1.490 Kg,,$1.490 x Kilo,www.jumbo.cl,WEB
