23/04/2017,Frutillas,,,,,,,,2980 ,, por Kilo,www.todofruta.cl,WEB
23/04/2017,Limones,,,,,,,,890 ,,,www.todofruta.cl,WEB
23/04/2017,Manzanas Fuji,,,,,,,,1190 ,,,www.todofruta.cl,WEB
23/04/2017,Manzanas Rojas,,,,,,,,980 ,,r,www.todofruta.cl,WEB
23/04/2017,Manzanas Verdes,,,,,,,,1180 ,,v,www.todofruta.cl,WEB
23/04/2017,Mandarinas,,,,,,,,1280 ,,,www.todofruta.cl,WEB
23/04/2017,Naranja Valencia,,,,,,,,960 ,,s de Jugo,www.todofruta.cl,WEB
23/04/2017,Palta Hass,,,,,,,,4580 ,,,www.todofruta.cl,WEB
23/04/2017,Peras Packham,,,,,,,,1190 ,,p,www.todofruta.cl,WEB
23/04/2017,Piñas,,,,,,,,1850 ,, extra por unidad,www.todofruta.cl,WEB
23/04/2017,Pomelos,,,,,,,,1380 ,,,www.todofruta.cl,WEB
23/04/2017,Plátanos,,,,,,,,990 ,,,www.todofruta.cl,WEB
23/04/2017,Tunas,,,,,,,,1480 ,,,www.todofruta.cl,WEB
23/04/2017,Caquis,,,,,,,,1690 ,,,www.todofruta.cl,WEB
23/04/2017,Mancaquis,,,,,,,,1680 ,,,www.todofruta.cl,WEB
23/04/2017,Naranja De Mesa,,,,,,,,1280 ,,de m,www.todofruta.cl,WEB
23/04/2017,Membrillo,,,,,,,,1100 ,,,www.todofruta.cl,WEB
23/04/2017,Kiwis,,,,,,,,1180 ,,,www.todofruta.cl,WEB
23/04/2017,Paltas Verdes,,,,,,,,3400 ,,v,www.todofruta.cl,WEB
23/04/2017,Pera Nely,,,,,,,,1180 ,,,www.todofruta.cl,WEB
23/04/2017,Achicoria,,,,,,,,780 ,,,www.todofruta.cl,WEB
23/04/2017,Acelgas,,,,,,,,1200 ,,,www.todofruta.cl,WEB
23/04/2017,Ají Verde,,,,,,,,700 ,,verde en Bandeja,www.todofruta.cl,WEB
23/04/2017,Ajos,,,,,,,,250 ,, por unidad,www.todofruta.cl,WEB
23/04/2017,Apio,,,,,,,,1480 ,, por unidad,www.todofruta.cl,WEB
23/04/2017,Berenjenas,,,,,,,,350 ,, por unidad,www.todofruta.cl,WEB
23/04/2017,Brocoli,,,,,,,,1180 ,,,www.todofruta.cl,WEB
23/04/2017,Betarragas,,,,,,,,900 ,, por paqu,www.todofruta.cl,WEB
23/04/2017,Cebolla Morada,,,,,,,,1100 ,,morada 500 gramos,www.todofruta.cl,WEB
23/04/2017,Cebollas,,,,,,,,380 ,, por unidad,www.todofruta.cl,WEB
23/04/2017,Choclos Americanos,,,,,,,,350 ,,por unidad,www.todofruta.cl,WEB
23/04/2017,Tomates,,,,,,,,1480 ,,,www.todofruta.cl,WEB
23/04/2017,Tomate Cherry,,,,,,,,2400 ,,cherry 500g,www.todofruta.cl,WEB
23/04/2017,Coliflor,,,,,,,,1200 ,, por unidad,www.todofruta.cl,WEB
23/04/2017,Espinacas,,,,,,,,990 ,, 500g,www.todofruta.cl,WEB
23/04/2017,Lechuga Escarola,,,,,,,,1100 ,,por unidad,www.todofruta.cl,WEB
23/04/2017,Lechuga Costina,,,,,,,,1380 ,,por unidad,www.todofruta.cl,WEB
23/04/2017,Lechuga Española,,,,,,,,890 ,,r unidad,www.todofruta.cl,WEB
23/04/2017,Papas,,,,,,,,860 ,,,www.todofruta.cl,WEB
