23/04/2017, Casta単as,,,,,,,,1490,, Casta単as,www.nuestrahuerta.cl,WEB
23/04/2017, Ciruelas 2 Kilos X ,,,,,,,,1590,, Ciruelas 2 Kilos X ,www.nuestrahuerta.cl,WEB
23/04/2017, Kiwi 2 Kilos X,,,,,,,,1390,, Kiwi 2 Kilos X,www.nuestrahuerta.cl,WEB
23/04/2017, Manzanas 2 Kilos X,,,,,,,,1590,, Manzanas 2 Kilos X,www.nuestrahuerta.cl,WEB
23/04/2017, Ciruelas ,,,,,,,,990,, Ciruelas ,www.nuestrahuerta.cl,WEB
23/04/2017, Pomelo,,,,,,,,1490,, Pomelo,www.nuestrahuerta.cl,WEB
23/04/2017, Platanos,,,,,,,,890,, Platanos,www.nuestrahuerta.cl,WEB
23/04/2017, Pi単a,,,,,,,,1990,, Pi単a,www.nuestrahuerta.cl,WEB
23/04/2017, Peras,,,,,,,,990,, Peras,www.nuestrahuerta.cl,WEB
23/04/2017, Pepino Fruta,,,,,,,,1590,, Pepino Fruta,www.nuestrahuerta.cl,WEB
23/04/2017, Naranjas,,,,,,,,1267,, Naranjas,www.nuestrahuerta.cl,WEB
23/04/2017, Manzana Verde,,,,,,,,1290,, Manzana Verde,www.nuestrahuerta.cl,WEB
23/04/2017, Manzana Roja,,,,,,,,1161,, Manzana Roja,www.nuestrahuerta.cl,WEB
23/04/2017, Mango,,,,,,,,2790,, Mango,www.nuestrahuerta.cl,WEB
23/04/2017, Kiwi,,,,,,,,1071,, Kiwi,www.nuestrahuerta.cl,WEB
