21/03/2017,  Cebolla cubo (500 grs),,,,,,,,990,,bolsa de 500 grs al vacio,www.fullmercado.cl,WEB
21/03/2017,  Lechuga escarola picada (500 grs),,,,,,,,1190,,bolsa 500 grs al vacio,www.fullmercado.cl,WEB
21/03/2017,  Arveja,,,,,,,,1890,,Valor x Kilo,www.fullmercado.cl,WEB
21/03/2017,  Ajo pelado 500 GRS,,,,,,,,3900,,bolsa al vació de 500 grs,www.fullmercado.cl,WEB
21/03/2017,  Brocoli,,,,,,,,1860,,Valor x Kilo,www.fullmercado.cl,WEB
21/03/2017,  Arandanos,,,,,,,,5900,,Valor x Kilo,www.fullmercado.cl,WEB
21/03/2017,  Apio media luna (500 grs),,,,,,,,1590,,bolsa 500 grs al vacio,www.fullmercado.cl,WEB
21/03/2017,  Choclo Cong,,,,,,,,2590,,Sin formato,www.fullmercado.cl,WEB
21/03/2017,  Almendra laminada 250 grs,,,,,,,,6990,,valor x 250 grs,www.fullmercado.cl,WEB
21/03/2017,  Zapallo Italiano Grissette (500 grs),,,,,,,,1590,,bolsa 500 grs al vacio,www.fullmercado.cl,WEB
21/03/2017,  Zanahoria Juliana (500 grs),,,,,,,,1290,,bolsa 500 grs al vacio,www.fullmercado.cl,WEB
21/03/2017,  Zapallo Camote Cubo (500 grs),,,,,,,,1590,,bolsa 500 grs al vacio,www.fullmercado.cl,WEB
21/03/2017,  Primavera,,,,,,,,1700,,Valor x Kilo,www.fullmercado.cl,WEB
21/03/2017,  Zanahoria Pelada (500 grs),,,,,,,,780,,bolsa 500 grs al vacio,www.fullmercado.cl,WEB
21/03/2017,  Porotos verdes,,,,,,,,1890,,Valor x Kilo,www.fullmercado.cl,WEB
21/03/2017,  Sesamo,,,,,,,,900,,Valor x bolsa (aprox 100gr),www.fullmercado.cl,WEB
21/03/2017,  Uva Rosada,,,,,,,,1900,,Valor x Kilo,www.fullmercado.cl,WEB
21/03/2017,  Uva Negra,,,,,,,,2900,,Valor x Kilo,www.fullmercado.cl,WEB
21/03/2017,  Uva Blanca,,,,,,,,2900,,Valor x Kilo,www.fullmercado.cl,WEB
21/03/2017,  Tunas Kilo,,,,,,,,1290,,Valor x Kilo,www.fullmercado.cl,WEB
21/03/2017,  Tumbo,,,,,,,,3200,,Valor x Kilo,www.fullmercado.cl,WEB
21/03/2017,  Sandía primium,,,,,,,,4500,,Valor x unidad,www.fullmercado.cl,WEB
21/03/2017,  Pomelo,,,,,,,,990,,Valor x Kilo,www.fullmercado.cl,WEB
21/03/2017,  Platano,,,,,,,,999,,Valor x Kilo,www.fullmercado.cl,WEB
21/03/2017,  Piña Caramelo,,,,,,,,1990,,Valor x Unidad,www.fullmercado.cl,WEB
21/03/2017,  Phisalys 500 grs,,,,,,,,6500,,BANDEJA 500 grs,www.fullmercado.cl,WEB
21/03/2017,  Pera Winter,,,,,,,,990,,Valor x Kilo,www.fullmercado.cl,WEB
21/03/2017,  Papayas tropical,,,,,,,,5200,,Valor x Kilo,www.fullmercado.cl,WEB
21/03/2017,  Pera,,,,,,,,990,,Valor x Kilo,www.fullmercado.cl,WEB
21/03/2017,  Pera Packam,,,,,,,,890,,Valor x Kilo,www.fullmercado.cl,WEB
21/03/2017,  Papayas,,,,,,,,4200,,Valor x Kilo,www.fullmercado.cl,WEB
21/03/2017,  Naranja Thomson,,,,,,,,990,,Valor x Kilo,www.fullmercado.cl,WEB
21/03/2017,  Naranja Jugo,,,,,,,,1190,,VALOR X KILO,www.fullmercado.cl,WEB
21/03/2017,  Melon Tuna,,,,,,,,1990,,Fuera de temporada,www.fullmercado.cl,WEB
21/03/2017,  Melon Calameño,,,,,,,,1990,,Valor x Unidad,www.fullmercado.cl,WEB
21/03/2017,  Manzana Verde,,,,,,,,1290,,Valor x Kilo,www.fullmercado.cl,WEB
21/03/2017,  Maracuya,,,,,,,,6500,,Valor x Kilo,www.fullmercado.cl,WEB
21/03/2017,  Manzana Royal Grande,,,,,,,,1390,,Valor x Kilo,www.fullmercado.cl,WEB
21/03/2017,  Manzana Roja,,,,,,,,1290,,Valor x Kilo,www.fullmercado.cl,WEB
21/03/2017,  Mango,,,,,,,,3400,,Valor x Unidad,www.fullmercado.cl,WEB
21/03/2017,  Mandarinas,,,,,,,,890,,Valor x Kilo,www.fullmercado.cl,WEB
21/03/2017,  Lucuma,,,,,,,,3990,,lucuma natural kilo,www.fullmercado.cl,WEB
21/03/2017,  Mancaqui,,,,,,,,800,,Sin formato,www.fullmercado.cl,WEB
21/03/2017,  Limon Sutil premium,,,,,,,,3990,,Valor x Kilo,www.fullmercado.cl,WEB
21/03/2017,  Limon mesa mediano,,,,,,,,2400,,Valor x Kilo,www.fullmercado.cl,WEB
21/03/2017,  Limon de Pica,,,,,,,,2590,,Valor x medio Kilo,www.fullmercado.cl,WEB
21/03/2017,  Kiwi,,,,,,,,2590,,Valor x Kilo,www.fullmercado.cl,WEB
21/03/2017,  Frutilla kilo,,,,,,,,2800,,Valor x kilo,www.fullmercado.cl,WEB
21/03/2017,  Frambuesas,,,,,,,,3900,,Valor x Bandeja 200grs,www.fullmercado.cl,WEB
21/03/2017,  Durazno Platano grande premium,,,,,,,,1290,,kilo,www.fullmercado.cl,WEB
21/03/2017,  Durazno Platano chico,,,,,,,,1290,,kilo,www.fullmercado.cl,WEB
21/03/2017,  DURAZNO PELADO,,,,,,,,990,,Sin formato,www.fullmercado.cl,WEB
21/03/2017,  Durazno Peludo,,,,,,,,1190,,Valor x Kilo,www.fullmercado.cl,WEB
21/03/2017,  Durazno Conservero grande,,,,,,,,1290,,Valor x Kilo,www.fullmercado.cl,WEB
21/03/2017,  Durazno Blanquillo Dulce,,,,,,,,1190,,Valor x Kilo,www.fullmercado.cl,WEB
21/03/2017,  Damascos,,,,,,,,1190,,Valor x Kilo,www.fullmercado.cl,WEB
21/03/2017,  Clementinas,,,,,,,,990,,Valor x Kilo,www.fullmercado.cl,WEB
21/03/2017,  Ciruela grande,,,,,,,,1190,,Valor x kilo,www.fullmercado.cl,WEB
21/03/2017,  arandano,,,,,,,,4990,,Sin formato,www.fullmercado.cl,WEB
21/03/2017,  Semilla de Quinoa,,,,,,,,3800,,Valor x Kilo,www.fullmercado.cl,WEB
21/03/2017,  Pimienta Negra Molida,,,,,,,,1500,,Valor x 100 grs,www.fullmercado.cl,WEB
21/03/2017,  Pimienta Negra Grano,,,,,,,,2990,,Valor x 100 grs,www.fullmercado.cl,WEB
21/03/2017,  Pimienta Negra entera kilo,,,,,,,,19300,,valor x kilo,www.fullmercado.cl,WEB
21/03/2017,  Oregano 100gr,,,,,,,,750,,Valor x 100gr,www.fullmercado.cl,WEB
21/03/2017,  pimienta blanca Molida,,,,,,,,2750,,valor 100 grs,www.fullmercado.cl,WEB
21/03/2017,  Paprica,,,,,,,,890,,Valor x Paquete 100grs,www.fullmercado.cl,WEB
21/03/2017,  pasa sultaninas 500 grs.,,,,,,,,1180,,Sin formato,www.fullmercado.cl,WEB
21/03/2017,  Nuez Moscada en polvo,,,,,,,,1550,,Valor x bolsa ( aprox 100gr ),www.fullmercado.cl,WEB
21/03/2017,  Merquen,,,,,,,,1100,,Valor x 250 grs,www.fullmercado.cl,WEB
21/03/2017,  Nuez Mariposa,,,,,,,,6990,,Valor x 500 grs,www.fullmercado.cl,WEB
21/03/2017,  Menta,,,,,,,,1820,,VALOR X ATADO,www.fullmercado.cl,WEB
21/03/2017,  manzanilla,,,,,,,,1200,,Valor x bolsa (aprox 100gr),www.fullmercado.cl,WEB
21/03/2017,  Lentejas,,,,,,,,2700,,Valor x Kilo,www.fullmercado.cl,WEB
21/03/2017,  Maní salado,,,,,,,,900,,Valor x 200 grs,www.fullmercado.cl,WEB
21/03/2017,  Laurel,,,,,,,,790,,Valor x atado,www.fullmercado.cl,WEB
21/03/2017,  Huevos de Codorniz,,,,,,,,2800,,Valor x Bandeja,www.fullmercado.cl,WEB
21/03/2017,  huesillos,,,,,,,,1790,,Sin formato,www.fullmercado.cl,WEB
21/03/2017,  HUEVO UNIDAD,,,,,,,,139,,Valor x unidad,www.fullmercado.cl,WEB
21/03/2017,  Garbanzos,,,,,,,,2700,,Valor x Kilo,www.fullmercado.cl,WEB
21/03/2017,  Estragón,,,,,,,,1890,,Valor x Frasco 10grs,www.fullmercado.cl,WEB
21/03/2017,  Curry Amarillo molido,,,,,,,,450,,Valor x bolsa (aprox 100gr),www.fullmercado.cl,WEB
21/03/2017,  Curry verde molido,,,,,,,,1100,,Valor x bolsa (aprox 100gr),www.fullmercado.cl,WEB
21/03/2017,  Cúrcuma molida,,,,,,,,3000,,Valor x bolsa (aprox 100gr),www.fullmercado.cl,WEB
21/03/2017,  Comino Molido,,,,,,,,990,,Valor x 250 grs,www.fullmercado.cl,WEB
21/03/2017,  Clavo de olor,,,,,,,,1200,,Valor x bolsa (aprox 100 grs,www.fullmercado.cl,WEB
21/03/2017,  Cardamomo kilo,,,,,,,,44900,,valor kilo,www.fullmercado.cl,WEB
21/03/2017,  Canela en Polvo,,,,,,,,3900,,Valor x 250 grs,www.fullmercado.cl,WEB
21/03/2017,  Canela en Entera,,,,,,,,1990,,Valor x 100 grs,www.fullmercado.cl,WEB
21/03/2017,  Azafrán gramo,,,,,,,,1500,,valor por 1 grs,www.fullmercado.cl,WEB
21/03/2017,  Almendra,,,,,,,,9990,,Valor x 500 grs,www.fullmercado.cl,WEB
21/03/2017,  Almendra laminada kilo,,,,,,,,18990,,valor x kilo,www.fullmercado.cl,WEB
21/03/2017,  Zapallo Camote (Naranjo),,,,,,,,990,,Valor x Kilo,www.fullmercado.cl,WEB
21/03/2017,  Zapallo Italiano,,,,,,,,490,,Valor x Unidad,www.fullmercado.cl,WEB
21/03/2017,  Zapallo,,,,,,,,650,,Valor x 250 grs aprox,www.fullmercado.cl,WEB
21/03/2017,  Zanahorias,,,,,,,,990,,Valor x Kilo,www.fullmercado.cl,WEB
21/03/2017,  Zanahoria,,,,,,,,135,,Valor x Unidad,www.fullmercado.cl,WEB
21/03/2017,  Tomate Cherry (200 grs),,,,,,,,1590,,Valor x bandeja,www.fullmercado.cl,WEB
21/03/2017,  Tomate Pomarola,,,,,,,,2990,,Valor x Kilo,www.fullmercado.cl,WEB
21/03/2017,  Tomate Cherry Kilo,,,,,,,,2700,,kilo,www.fullmercado.cl,WEB
21/03/2017,  Tomate,,,,,,,,1700,,Valor x Kilo,www.fullmercado.cl,WEB
21/03/2017,  TAT SOY,,,,,,,,5900,,KILO,www.fullmercado.cl,WEB
21/03/2017,  Rucula,,,,,,,,1390,,Valor x Bandeja 200 grs,www.fullmercado.cl,WEB
21/03/2017,  Salvia Bandeja,,,,,,,,850,,Valor x Bandeja,www.fullmercado.cl,WEB
21/03/2017,  romero Bandeja (100 grs),,,,,,,,990,,Bandeja 100 grs,www.fullmercado.cl,WEB
21/03/2017,  Repollo Morado Grande,,,,,,,,990,,Valor x Unidad,www.fullmercado.cl,WEB
21/03/2017,  Repollo crespo grande,,,,,,,,990,,Valor x Unidad,www.fullmercado.cl,WEB
21/03/2017,  Rabanitos rojos,,,,,,,,450,,Valor x Paquete,www.fullmercado.cl,WEB
21/03/2017,  Puerros,,,,,,,,499,,Valor x Unidad,www.fullmercado.cl,WEB
21/03/2017,  Porotos Verdes,,,,,,,,3900,,Valor x Kilo,www.fullmercado.cl,WEB
21/03/2017,  Porotos granados,,,,,,,,1800,,Valor x Kilo,www.fullmercado.cl,WEB
21/03/2017,  Pimenton Verde grande,,,,,,,,790,,Valor x Unidad,www.fullmercado.cl,WEB
21/03/2017,  Pimenton Rojo Grande,,,,,,,,590,,Valor x Unidad,www.fullmercado.cl,WEB
21/03/2017,  Pimenton Amarillo,,,,,,,,550,,Valor x Unidad,www.fullmercado.cl,WEB
21/03/2017,  Perejil,,,,,,,,250,,Valor x Atado 80 grs aprox,www.fullmercado.cl,WEB
21/03/2017,  Perejil Crespo,,,,,,,,450,,Valor x Paquete,www.fullmercado.cl,WEB
21/03/2017,  Pepino de ensalada,,,,,,,,690,,Valor x Unidad,www.fullmercado.cl,WEB
21/03/2017,  pepino alaska,,,,,,,,650,,Valor x Unidad,www.fullmercado.cl,WEB
21/03/2017,  Pepinillo Coctel,,,,,,,,2990,,Valor x Kilo,www.fullmercado.cl,WEB
21/03/2017,  PAPA TOPINAMBUR,,,,,,,,3290,,VALOR POR KILO,www.fullmercado.cl,WEB
21/03/2017,  Ají cacho de cabra ENTERO,,,,,,,,350,,Valor por 3 unidades,www.fullmercado.cl,WEB
21/03/2017,  papa camote chilena,,,,,,,,1600,,valor x kilo,www.fullmercado.cl,WEB
21/03/2017,  papa semilla,,,,,,,,720,,Sin formato,www.fullmercado.cl,WEB
21/03/2017,  papa camote peruano,,,,,,,,1600,,Sin formato,www.fullmercado.cl,WEB
21/03/2017,  Papa,,,,,,,,590,,Sin formato,www.fullmercado.cl,WEB
21/03/2017,  Palta Fuerte kilo,,,,,,,,2800,,Valor x kilo,www.fullmercado.cl,WEB
21/03/2017,  Palta Hass,,,,,,,,3390,,Valor x Kilo,www.fullmercado.cl,WEB
21/03/2017,  PAK CHOI,,,,,,,,2900,,VALOR BOLSA 400 grs APROX,www.fullmercado.cl,WEB
21/03/2017,  Nabos,,,,,,,,600,,Valor x Unidad,www.fullmercado.cl,WEB
21/03/2017,  mix lechugas,,,,,,,,4900,,250 grs de hidroponica morada y 250 grs hidroponica verde,www.fullmercado.cl,WEB
21/03/2017,  Lechuga Hidroponica verde,,,,,,,,450,,Valor x Unidad,www.fullmercado.cl,WEB
21/03/2017,  Lechuga Hidropónica Morada,,,,,,,,450,,Valor x Unidad,www.fullmercado.cl,WEB
21/03/2017,  Lechuga Espanola,,,,,,,,480,,Valor x Unidades,www.fullmercado.cl,WEB
21/03/2017,  Lechuga Costina,,,,,,,,890,,Valor x Unidad,www.fullmercado.cl,WEB
21/03/2017,  Lechuga Escarola grande,,,,,,,,890,,Valor x Unidad,www.fullmercado.cl,WEB
21/03/2017,  Kale bolsa (500 grs),,,,,,,,2890,,bolsa 500 grs,www.fullmercado.cl,WEB
21/03/2017,  Jengibre,,,,,,,,900,,Valor x 250 grs,www.fullmercado.cl,WEB
21/03/2017,  Huevos,,,,,,,,3800,,30 unid,www.fullmercado.cl,WEB
21/03/2017,  Huevo,,,,,,,,1800,,Valor x Bja,www.fullmercado.cl,WEB
21/03/2017,  Habas desgranada Pelada,,,,,,,,3590,,Valor x medio Kilo,www.fullmercado.cl,WEB
21/03/2017,  Espinaca 1 kilo,,,,,,,,1390,,Valor x Kilo,www.fullmercado.cl,WEB
21/03/2017,  Finas Hierbas,,,,,,,,500,,Valor x Bandeja,www.fullmercado.cl,WEB
21/03/2017,  Endivias,,,,,,,,3600,,Valor x Bandeja 500 grs,www.fullmercado.cl,WEB
21/03/2017,  Dientes de dragon,,,,,,,,690,,Valor x Bandeja 200 grs aprox,www.fullmercado.cl,WEB
21/03/2017,  Coliflor,,,,,,,,990,,Valor x Unidad,www.fullmercado.cl,WEB
